project_id|project_name|status|total_commitment_usd|approval_date|end_date|sector|theme|borrower|implementing_agency|country|project_url|source
P507116|First Zambia Climate and Economic Resilience Programmatic DPF with Cat-DDO|Active|0.0|2024-12-18 00:00:00+00:00|2027-12-31|Unknown|Unknown|||Republic of Zambia||World Bank
P503941|Zambia Refugee and Host Communities Project - ZRHCP|Active|0.0|2024-09-26 00:00:00+00:00|2028-10-31|Unknown|Unknown|||Republic of Zambia||World Bank
P181711|Second Additional Financing for Scaling-up Shock Responsive Social Protection Project|Active|207.6|2024-07-01 00:00:00+00:00||Unknown|Unknown|||Republic of Zambia||World Bank
P505188|Zambia Health Emergency Preparedness, Response and Resilience Project Using the Multiphase Programmatic Approach|Active|50.0|2024-06-13 00:00:00+00:00|2029-06-30|Unknown|Unknown|||Republic of Zambia||World Bank
P181391|Girls' Education and Women's Empowerment and Livelihoods for Human Capital Project|Active|157.0|2024-03-28 00:00:00+00:00|2028-06-30|Unknown|Unknown|||Republic of Zambia||World Bank
P179380|National Energy Advancement and Transformation Program|Active|100.0|2024-03-14 00:00:00+00:00|2026-12-30|Unknown|Unknown|||Republic of Zambia||World Bank
P180801|Transport Corridors for Economic Resilience (TRACER)|Active|270.0|2024-02-20 00:00:00+00:00|2030-02-27|Rural and Inter-Urban Roads; Trade; ICT Services; Public Administration - Transportation; Other Transportation|Unknown|||Republic of Zambia||World Bank
P181011|Zambia Second Macroeconomic Stability, Growth and Competitiveness DPF|Active|125.0|2023-12-21 00:00:00+00:00|2026-01-15|Banking Institutions; Other Energy and Extractives; Agricultural Extension, Research, and Other Support Activities; Other Industry, Trade and Services; Central Government (Central Agencies)|Environment and Natural Resource Management; Urban and Rural Development; Public Sector Management; Finance; Private Sector Development; Economic Policy|||Republic of Zambia||World Bank
P179507|Zambia Agribusiness and Trade Project-II (ZATP-II)|Active|170.0|2023-06-16 00:00:00+00:00|2028-12-15|Public Administration - Industry, Trade and Services; Agricultural markets, commercialization and agri-business|Environment and Natural Resource Management; Urban and Rural Development; Human Development and Gender; Finance; Private Sector Development; Economic Policy|||Republic of Zambia||World Bank
P180337|Green, Resilient and Transformational Tourism Development Project (GREAT-TDP)|Active|100.0|2023-06-09 00:00:00+00:00|2030-12-31|Public Administration - Industry, Trade and Services; Tourism|Environment and Natural Resource Management; Urban and Rural Development; Human Development and Gender; Public Sector Management; Private Sector Development|||Republic of Zambia||World Bank
P180401|Zambia Education Enhancement Project Second Additional Financing|Active|53.0|2023-03-09 00:00:00+00:00||Secondary Education|Environment and Natural Resource Management; Urban and Rural Development; Human Development and Gender|||Republic of Zambia||World Bank
P174911|Zambia First Macroeconomic Stability, Growth and Competitiveness DPF|Closed|275.0|2022-10-25 00:00:00+00:00|2023-12-31|Banking Institutions; Other Energy and Extractives; Oil and Gas; Agricultural Extension, Research, and Other Support Activities; Central Government (Central Agencies)|Environment and Natural Resource Management; Urban and Rural Development; Public Sector Management; Finance; Private Sector Development; Economic Policy|||Republic of Zambia||World Bank
P178372|Zambia Growth Opportunities Program|Active|300.0|2022-07-15 00:00:00+00:00|2026-12-31|Public Administration - Agriculture, Fishing & Forestry; Agricultural markets, commercialization and agri-business; Irrigation and Drainage; Agricultural Extension, Research, and Other Support Activities; Other Agriculture, Fishing and Forestry|Environment and Natural Resource Management; Urban and Rural Development; Human Development and Gender; Finance; Private Sector Development|||Republic of Zambia||World Bank
P179095|Scaling-up Shock Responsive Social Protection Project|Active|190.995412|2022-06-28 00:00:00+00:00|2025-12-31|Social Protection; Public Administration - Social Protection|Environment and Natural Resource Management; Urban and Rural Development; Human Development and Gender; Social Development and Protection; Finance|||Republic of Zambia||World Bank
P178492|Zambia Devolution Support Program|Active|210.0|2022-06-28 00:00:00+00:00|2028-06-30|Sub-National Government|Environment and Natural Resource Management; Urban and Rural Development; Human Development and Gender; Social Development and Protection; Public Sector Management; Economic Policy|||Republic of Zambia||World Bank
P176400|Additional Financing for the Zambia COVID-19 Emergency Response and Health Systems Preparedness Project|Active|24.0|2021-06-28 00:00:00+00:00||Health Facilities and Construction; Public Administration - Health; Health|Environment and Natural Resource Management; Human Development and Gender|||Republic of Zambia||World Bank
P175955|Second Additional Financing for Girls’ Education and Women’s Empowerment and Livelihood Project - COVID 19 Scale-up of Social Cash|Active|105.0|2021-05-17 00:00:00+00:00||Secondary Education; Public Administration - Social Protection|Environment and Natural Resource Management; Human Development and Gender; Social Development and Protection; Public Sector Management; Finance; Private Sector Development|||Republic of Zambia||World Bank
P174185|Zambia COVID-19 Emergency Response and Health Systems Preparedness Project|Active|25.0|2020-10-20 00:00:00+00:00|2024-12-31|Public Administration - Health; Health; Health Facilities and Construction|Environment and Natural Resource Management; Human Development and Gender; Social Development and Protection|||Republic of Zambia||World Bank
P172140|Irrigation Development Support Project - Additional Financing|Active|30.0|2020-05-29 00:00:00+00:00||Public Administration - Agriculture, Fishing & Forestry; Irrigation and Drainage; Other Water Supply, Sanitation and Waste Management|Environment and Natural Resource Management; Urban and Rural Development|||Republic of Zambia||World Bank
P170513|Zambia Education Enhancement Project|Active|120.0|2020-05-21 00:00:00+00:00||Early Childhood Education; Primary Education; Public Administration - Education; Secondary Education|Environment and Natural Resource Management; Urban and Rural Development; Human Development and Gender|||Republic of Zambia||World Bank
P169975|Additional Financing for Girls' Education and Women's Empowerment and Livelihood Project (GEWEL)|Active|177.0|2020-03-27 00:00:00+00:00||Public Administration - Social Protection; Public Administration - Education; Social Protection|Environment and Natural Resource Management; Urban and Rural Development; Human Development and Gender; Social Development and Protection|||Republic of Zambia||World Bank
P164764|Transforming Landscapes for Resilience and Development in Zambia|Active|100.0|2019-05-15 00:00:00+00:00|2025-12-31|Public Administration - Agriculture, Fishing & Forestry; Agricultural Extension, Research, and Other Support Activities; Forestry; Other Agriculture, Fishing and Forestry; Other Water Supply, Sanitation and Waste Management|Environment and Natural Resource Management; Urban and Rural Development; Human Development and Gender; Finance|||Republic of Zambia||World Bank
P163958|Second Scaling Solar Guarantee|Closed|2.8|2017-12-20 00:00:00+00:00|2019-12-31|Renewable Energy Solar|Environment and Natural Resource Management; Finance; Private Sector Development|||Republic of Zambia||World Bank
P158570|Zambia Education Enhancement Project|Active|180.0|2017-08-29 00:00:00+00:00|2025-12-31|Public Administration - Education; Primary Education; Secondary Education|Environment and Natural Resource Management; Human Development and Gender; Social Development and Protection|||Republic of Zambia||World Bank
P161490|Zambia Integrated Forest Landscape Project|Closed|17.0|2017-05-04 00:00:00+00:00|2024-02-29|Tourism; Public Administration - Agriculture, Fishing & Forestry; Forestry; Agricultural Extension, Research, and Other Support Activities|Environment and Natural Resource Management; Urban and Rural Development|||Republic of Zambia||World Bank
P159330|Zambia: Improved Rural Connectivity Project|Active|200.0|2017-05-04 00:00:00+00:00|2025-12-31|Public Administration - Transportation; Rural and Inter-Urban Roads|Environment and Natural Resource Management; Urban and Rural Development; Human Development and Gender; Private Sector Development|||Republic of Zambia||World Bank
P157943|Zambia Scaling Solar Energy Guarantee Project|Closed|3.5|2017-02-16 00:00:00+00:00|2018-10-15|Energy Transmission and Distribution; Renewable Energy Solar|Environment and Natural Resource Management; Private Sector Development|||Republic of Zambia||World Bank
P156492|Zambia Agribusiness and Trade Project|Closed|40.0|2016-12-16 00:00:00+00:00|2024-05-30|Trade; Public Administration - Industry, Trade and Services; Agricultural markets, commercialization and agri-business|Urban and Rural Development; Human Development and Gender; Private Sector Development; Economic Policy|||Republic of Zambia||World Bank
P151451|Girls Education and Womens Empowerment and Livelihood Project|Active|242.0|2015-05-22 00:00:00+00:00|2024-12-31|Public Administration - Education; Public Administration - Social Protection; Secondary Education; Social Protection|Human Development and Gender; Social Development and Protection; Private Sector Development|||Republic of Zambia||World Bank
P149091|Lusaka Sanitation Project|Closed|65.0|2015-05-22 00:00:00+00:00|2024-04-30|Public Administration - Water, Sanitation and Waste Management; Health; Sanitation|Environment and Natural Resource Management; Urban and Rural Development|||Republic of Zambia||World Bank
P144254|Zambia COMACO Landscape Management|Closed|1.33|2015-04-27 00:00:00+00:00|2019-10-31|Livestock; Fisheries; Agricultural markets, commercialization and agri-business; Forestry; Other Agriculture, Fishing and Forestry|Environment and Natural Resource Management; Urban and Rural Development; Private Sector Development|||Republic of Zambia||World Bank
P151680|Zambia Statistical Capacity Building|Closed|0.25|2014-12-23 00:00:00+00:00|2016-09-15|Other Information and Communications Technologies; ICT Services; Public Administration - Information and Communications Technologies; Other Education; Social Protection|Human Development and Gender; Private Sector Development; Economic Policy|||Republic of Zambia||World Bank
P145335|Health Services Improvement Project|Closed|67.0|2014-03-21 00:00:00+00:00|2020-12-31|Social Protection; Sub-National Government; Public Administration - Health; Central Government (Central Agencies); Health|Human Development and Gender; Social Development and Protection; Public Sector Management; Private Sector Development|||Republic of Zambia||World Bank
P133184|Lusaka Transmission and Distribution Rehabilitation Project|Closed|170.0|2013-05-30 00:00:00+00:00|2022-02-28|Public Administration - Energy and Extractives; Energy Transmission and Distribution|Urban and Rural Development|||Republic of Zambia||World Bank
P131881|Zambia - Extractive Industries Transparency Initiative Implementation Post Compliance I|Closed|0.35|2012-09-10 00:00:00+00:00|2014-12-31|Mining|Public Sector Management|||Republic of Zambia||World Bank
P122123|Zambia: Livestock Development and Animal Health Project|Closed|50.0|2012-02-28 00:00:00+00:00|2018-06-30|Sub-National Government; Agricultural markets, commercialization and agri-business; Livestock; Public Administration - Agriculture, Fishing & Forestry; Agricultural Extension, Research, and Other Support Activities|Environment and Natural Resource Management; Urban and Rural Development; Finance; Private Sector Development|||Republic of Zambia||World Bank
P102459|Irrigation Development and Support Project|Closed|115.0|2011-04-07 00:00:00+00:00|2024-11-30|Agricultural Extension, Research, and Other Support Activities; Public Administration - Agriculture, Fishing & Forestry; Other Agriculture, Fishing and Forestry; Agricultural markets, commercialization and agri-business; Irrigation and Drainage|Environment and Natural Resource Management; Urban and Rural Development; Finance; Private Sector Development|||Republic of Zambia||World Bank
P120872|Malaria Booster Project Additional financing|Closed|30.0|2010-12-09 00:00:00+00:00||Public Administration - Health; Health|Human Development and Gender; Social Development and Protection; Public Sector Management|||Republic of Zambia||World Bank
P145764|Zambia:-Health Results Based Financing Project|Closed|16.76|2010-12-07 00:00:00+00:00|2014-10-31|Health|Human Development and Gender|||Republic of Zambia||World Bank
P108882|Extension of Kasanka Management System to Lavushi Manda National Park|Closed|0.835|2010-11-02 00:00:00+00:00|2014-06-30|Other Agriculture, Fishing and Forestry|Environment and Natural Resource Management; Private Sector Development|||Republic of Zambia||World Bank
P120723|Road Rehabilitation and Maintenance Second Additional Financing|Closed|15.0|2010-10-14 00:00:00+00:00||Rural and Inter-Urban Roads|Urban and Rural Development; Private Sector Development|||Republic of Zambia||World Bank
P107218|Poverty Reduction Support Credit (PRSC1)|Closed|20.0|2010-03-30 00:00:00+00:00|2010-12-31|Law and Justice; Public Administration - Social Protection; Energy Transmission and Distribution; Central Government (Central Agencies)|Public Sector Management; Private Sector Development; Economic Policy|||Republic of Zambia||World Bank
P120902|Zambia: Institutionalizing Livestock Data Collection and Analysis in Zambia|Closed|0.2979|2010-03-18 00:00:00+00:00|2012-09-14|Livestock; Fisheries|Environment and Natural Resource Management; Urban and Rural Development|||Republic of Zambia||World Bank
P106596|ROAD REHABILITATION AND MAINTENANCE PROJECT PHASE II|Closed|75.0|2009-10-16 00:00:00+00:00|2016-04-30|Public Administration - Transportation; Rural and Inter-Urban Roads|Urban and Rural Development; Human Development and Gender; Private Sector Development|||Republic of Zambia||World Bank
P110458|Water Sector Performance Improvement Project - Additional Financing|Closed|10.0|2009-04-16 00:00:00+00:00||Sanitation; Public Administration - Water, Sanitation and Waste Management; Water Supply|Urban and Rural Development; Public Sector Management|||Republic of Zambia||World Bank
P114091|Lighting the way|Closed|0.1998|2008-12-30 00:00:00+00:00|2010-04-29|Renewable energy|Urban and Rural Development; Private Sector Development|||Republic of Zambia||World Bank
P074445|Second Economic Management and Growth|Closed|10.0|2008-05-20 00:00:00+00:00|2008-12-31|Other Non-bank Financial Institutions; Rural and Inter-Urban Roads; Agricultural markets, commercialization and agri-business; Other Industry, Trade and Services; Central Government (Central Agencies)|Public Sector Management; Finance; Private Sector Development; Economic Policy|||Republic of Zambia||World Bank
P076320|Zm: Increased Access to Electricity & ICT Services - GEF|Closed|18.5|2008-05-20 00:00:00+00:00||Renewable Energy Wind; Renewable Energy Solar; Renewable Energy Geothermal; Renewable Energy Biomass; Central Government (Central Agencies)|Environment and Natural Resource Management; Urban and Rural Development; Private Sector Development|||Republic of Zambia||World Bank
P077452|Zm: Increased Access to Electricity Services|Closed|62.0|2008-05-20 00:00:00+00:00|2015-06-30|Renewable Energy Geothermal; Renewable Energy Biomass; Renewable Energy Hydro; Energy Transmission and Distribution; Other Energy and Extractives|Urban and Rural Development; Private Sector Development|||Republic of Zambia||World Bank
P093611|Zambia:  Road Rehabilitation & Maintenance Project - Addtional Financing|Closed|25.0|2007-03-29 00:00:00+00:00||Sub-National Government; Rural and Inter-Urban Roads|Environment and Natural Resource Management; Urban and Rural Development; Public Sector Management; Finance|||Republic of Zambia||World Bank
P071259|Water Sector Performance Improvement Project|Closed|33.0|2006-10-05 00:00:00+00:00|2013-06-30|Central Government (Central Agencies); Sanitation; Water Supply|Urban and Rural Development; Public Sector Management|||Republic of Zambia||World Bank
P103625|Avian Influenza Prevention and Control|Closed|0.999552|2006-09-26 00:00:00+00:00|2008-12-31|Other Information and Communications Technologies; Health; Livestock; Fisheries|Urban and Rural Development; Human Development and Gender|||Republic of Zambia||World Bank
P070063|Agricultural Development Support Program|Closed|37.24|2006-05-16 00:00:00+00:00|2014-05-15|Agricultural Extension, Research, and Other Support Activities; Central Government (Central Agencies); Rural and Inter-Urban Roads; Agricultural markets, commercialization and agri-business|Urban and Rural Development; Finance; Private Sector Development|||Republic of Zambia||World Bank
P082452|Public Sector Management Program Support Project|Closed|30.0|2006-01-05 00:00:00+00:00|2012-06-30|Other Non-bank Financial Institutions; Sub-National Government; Central Government (Central Agencies)|Public Sector Management; Economic Policy|||Republic of Zambia||World Bank
P096131|Zambia Malaria Booster Project|Closed|73.61|2005-11-15 00:00:00+00:00|2013-06-30|Social Protection; Central Government (Central Agencies); Health; Sub-National Government|Human Development and Gender; Social Development and Protection; Public Sector Management|||Republic of Zambia||World Bank
P040631|Fiscal Sustainability Credit Project (02)|Closed|40.0|2004-12-14 00:00:00+00:00|2005-12-31|ICT Infrastructure; Other Energy and Extractives; Public Administration - Social Protection; Other Non-bank Financial Institutions; Central Government (Central Agencies)|Public Sector Management; Private Sector Development; Economic Policy|||Republic of Zambia||World Bank
P071407|Support  for Economic Expansion and Diversification (SEED)|Closed|28.15|2004-07-29 00:00:00+00:00|2011-11-30|Other Agriculture, Fishing and Forestry; Mining; Agro-industry; Central Government (Central Agencies); Other Industry, Trade and Services|Environment and Natural Resource Management; Urban and Rural Development; Private Sector Development; Economic Policy|||Republic of Zambia||World Bank
P071985|Road Rehabilitation and Maintenance Project|Closed|190.75|2004-03-09 00:00:00+00:00|2014-06-30|Ports/Waterways; Sub-National Government; Central Government (Central Agencies); Urban Transport; Rural and Inter-Urban Roads|Urban and Rural Development; Human Development and Gender; Social Development and Protection; Public Sector Management; Private Sector Development|||Republic of Zambia||World Bank
P070962|Zambia Copperbelt Environment Project (CEP)|Closed|51.796|2003-03-20 00:00:00+00:00|2011-03-31|Renewable Energy Biomass|Environment and Natural Resource Management; Private Sector Development|||Republic of Zambia||World Bank
P003248|Zambia National Response to HIV/AIDS (ZANARA)|Closed|42.0|2002-12-30 00:00:00+00:00|2008-08-31|Sub-National Government; Social Protection; Central Government (Central Agencies); Health|Human Development and Gender; Social Development and Protection|||Republic of Zambia||World Bank
P080612|Emergency Drought Recovery Project|Closed|50.0|2002-11-19 00:00:00+00:00|2005-06-30|Central Government (Central Agencies); Other Education; Health; Social Protection; Other Agriculture, Fishing and Forestry|Urban and Rural Development; Human Development and Gender; Social Development and Protection; Finance; Private Sector Development|||Republic of Zambia||World Bank
P076778|Mngt. of Miombo Woodland Ecosystem(MMWE)|Closed|0.747|2002-05-14 00:00:00+00:00|2008-05-31|Crops; Other Agriculture, Fishing and Forestry|Environment and Natural Resource Management; Urban and Rural Development|||Republic of Zambia||World Bank
P057167|Technical Education Vocational & Entrepreneurship Training (TEVET) Development Program Support Project|Closed|55.5|2001-06-14 00:00:00+00:00|2008-12-30|Health; Central Government (Central Agencies); Workforce Development and Vocational Education|Human Development and Gender; Public Sector Management; Private Sector Development|||Republic of Zambia||World Bank
P070122|Regional Trade Facilitation Project - Zambia|Closed|15.0|2001-04-03 00:00:00+00:00|2013-06-30|Insurance and Pension|Finance; Private Sector Development; Economic Policy|||Republic of Zambia||World Bank
P073321|Supplemental Credit Project to the Fiscal Sustainability Credit Project|Closed|30.4|2000-12-22 00:00:00+00:00||Oil and Gas; Power; Banking Institutions; Public Administration - Social Protection; Central Government (Central Agencies)|Social Development and Protection; Public Sector Management|||Republic of Zambia||World Bank
P073830|Supplemental Fiscal Sustainability Credit Project|Closed|2.1|2000-11-20 00:00:00+00:00||Oil and Gas; Power; Banking Institutions; Public Administration - Social Protection; Central Government (Central Agencies)|Social Development and Protection; Public Sector Management|||Republic of Zambia||World Bank
P003227|ZAMBIA RAILWAYS RESTRUCTURING PROJECT|Closed|27.0|2000-11-16 00:00:00+00:00|2005-06-30|Central Government (Central Agencies); Railways; Social Protection|Private Sector Development; Economic Policy|||Republic of Zambia||World Bank
P039016|Fiscal Sustainability Credit|Closed|140.0|2000-06-27 00:00:00+00:00|2002-06-30|Renewable Energy Biomass; Banking Institutions; Central Government (Central Agencies); Oil and Gas; Public Administration - Social Protection|Human Development and Gender; Public Sector Management; Private Sector Development; Economic Policy|||Republic of Zambia||World Bank
P064064|Mine Township Services Project|Closed|37.7|2000-06-20 00:00:00+00:00|2005-12-31|Health; Waste Management; Sewerage; Water Supply|Environment and Natural Resource Management; Urban and Rural Development; Human Development and Gender; Public Sector Management; Private Sector Development|||Republic of Zambia||World Bank
P063584|Social Investment Fund (ZAMSIF)|Closed|64.7|2000-05-25 00:00:00+00:00|2005-12-31|Other Water Supply, Sanitation and Waste Management; Health; Roads and highways; Other Education; Sub-National Government|Urban and Rural Development; Human Development and Gender; Social Development and Protection; Public Sector Management; Private Sector Development|||Republic of Zambia||World Bank
P003249|Basic Education Subsector Investment Program|Closed|40.0|1999-04-08 00:00:00+00:00|2006-06-30|Health; Tertiary Education; Sub-National Government; Central Government (Central Agencies); Primary Education|Urban and Rural Development; Human Development and Gender|||Republic of Zambia||World Bank
P035641|Public Sector Reform and Export Promotion Credit Project|Closed|170.0|1999-01-26 00:00:00+00:00|2000-12-31|Social Protection; Other Industry, Trade and Services; Trade; Renewable Energy Biomass; Central Government (Central Agencies)|Human Development and Gender; Public Sector Management; Private Sector Development; Economic Policy|||Republic of Zambia||World Bank
P035076|Power Rehabilitation Project|Closed|184.45|1998-02-19 00:00:00+00:00|2005-12-31|Health; Other Agriculture, Fishing and Forestry; Water Supply; Roads and highways; Power|Environment and Natural Resource Management; Urban and Rural Development; Finance; Private Sector Development|||Republic of Zambia||World Bank
P003236|Roads Sector Investment Program Support Project|Closed|185.5|1997-10-14 00:00:00+00:00|2005-03-31|Other Transportation; Workforce Development and Vocational Education; Central Government (Central Agencies); Roads and highways|Environment and Natural Resource Management; Urban and Rural Development; Social Development and Protection; Private Sector Development|||Republic of Zambia||World Bank
P003253|Environmental Support Program Project|Closed|19.19|1997-06-10 00:00:00+00:00|2003-12-31|Social Protection; Other Public Administration|Environment and Natural Resource Management; Social Development and Protection|||Republic of Zambia||World Bank
P044324|Enterprise Development Project|Closed|45.0|1997-05-27 00:00:00+00:00|2003-06-30|Trade; Banking Institutions; Other Industry, Trade and Services|Finance; Private Sector Development; Economic Policy|||Republic of Zambia||World Bank
P049340|SECOND ECN.&SCL ADJ.|Closed|7.8|1996-11-14 00:00:00+00:00||Renewable Energy Biomass; Other Industry, Trade and Services; Social Protection; Other Education; Central Government (Central Agencies)|Urban and Rural Development; Public Sector Management; Finance; Economic Policy|||Republic of Zambia||World Bank
P003224|Economic and Social Adjustment Credit (02)|Closed|90.0|1996-08-01 00:00:00+00:00|1998-01-09|Other Industry, Trade and Services; Renewable Energy Biomass; Social Protection; Other Education; Central Government (Central Agencies)|Urban and Rural Development; Public Sector Management; Finance; Private Sector Development; Economic Policy|||Republic of Zambia||World Bank
P040642|Economic Recovery and Investment Promotion Technical Assistance Project|Closed|23.0|1996-06-04 00:00:00+00:00|2005-09-30|Law and Justice; Renewable Energy Biomass; Central Government (Central Agencies)|Public Sector Management; Private Sector Development|||Republic of Zambia||World Bank
P003240|Economic Recovery and Investment Promotion Credit|Closed|140.0|1995-07-11 00:00:00+00:00|1997-12-31|Social Protection; Banking Institutions; Central Government (Central Agencies); Public Administration - Social Protection; Renewable Energy Biomass|Environment and Natural Resource Management; Human Development and Gender; Social Development and Protection; Public Sector Management; Finance|||Republic of Zambia||World Bank
P003241|Urban Restructuring and Water Supply Project|Closed|44.2|1995-05-16 00:00:00+00:00|2001-12-31|Social Protection; Sub-National Government; Sewerage; Sanitation; Water Supply|Environment and Natural Resource Management; Urban and Rural Development; Social Development and Protection|||Republic of Zambia||World Bank
P003239|Health Sector Support Project|Closed|198.9|1994-11-15 00:00:00+00:00|2002-06-30|Central Government (Central Agencies); Health|Urban and Rural Development; Human Development and Gender; Social Development and Protection|||Republic of Zambia||World Bank
P003252|Petroleum Sector Rehabilitation Project|Closed|52.0|1994-05-31 00:00:00+00:00|2001-12-31|Central Government (Central Agencies); Oil and Gas|Urban and Rural Development; Public Sector Management; Finance|||Republic of Zambia||World Bank
P003148|DEBT BUY-BACK|Closed|0.0|1994-05-10 00:00:00+00:00|1994-06-30|(Historic)Macro/non-trade|Unknown|||Republic of Zambia||World Bank
P029712|PRIVATIZATION II|Closed|10.0|1993-08-09 00:00:00+00:00||Other Non-bank Financial Institutions; Renewable Energy Biomass; Other Energy and Extractives; Central Government (Central Agencies); Other Industry, Trade and Services|Human Development and Gender; Public Sector Management; Finance; Private Sector Development; Economic Policy|||Republic of Zambia||World Bank
P003258|Financial and Legal Management Upgrading Project (FILMUP)|Closed|18.0|1993-07-13 00:00:00+00:00|2000-06-30|Central Government (Central Agencies); Other Non-bank Financial Institutions; Law and Justice|Public Sector Management; Finance|||Republic of Zambia||World Bank
P003259|PRIVATIZATION|Closed|20.9|1992-12-23 00:00:00+00:00||Renewable Energy Biomass; Crops; Social Protection; Central Government (Central Agencies); Other Industry, Trade and Services|Public Sector Management; Private Sector Development; Economic Policy|||Republic of Zambia||World Bank
P003256|ECONOMIC RECOVERY CREDIT|Closed|10.0|1992-05-19 00:00:00+00:00||Roads and highways; Banking Institutions; Crops; Central Government (Central Agencies); Other Industry, Trade and Services|Urban and Rural Development; Public Sector Management; Finance; Economic Policy|||Republic of Zambia||World Bank
P003238|Mining Technical Assistance Project|Closed|21.0|1991-06-13 00:00:00+00:00|1997-06-30|Central Government (Central Agencies); Renewable Energy Biomass|Unknown|||Republic of Zambia||World Bank
P003235|Economic Recovery Credit Project|Closed|210.0|1991-03-05 00:00:00+00:00|1993-06-01|Roads and highways; Banking Institutions; Crops; Central Government (Central Agencies); Other Industry, Trade and Services|Unknown|||Republic of Zambia||World Bank
P003243|RECOVERY CREDIT|Closed|27.2|1991-03-05 00:00:00+00:00||Roads and highways; Banking Institutions; Crops; Central Government (Central Agencies); Other Industry, Trade and Services|Unknown|||Republic of Zambia||World Bank
P003214|Development Bank of Zambia Project (03)|Closed|10.0|1987-01-06 00:00:00+00:00|1992-06-30|(Historic)Small scale enterprise|Unknown|||Republic of Zambia||World Bank
P003190|Agricultural Services Project|Closed|13.0|1986-12-09 00:00:00+00:00|1996-12-31|Central Government (Central Agencies); Agricultural Extension, Research, and Other Support Activities|Unknown|||Republic of Zambia||World Bank
P003194|Coffee Project (02)|Closed|20.4|1986-11-25 00:00:00+00:00|1996-12-31|Central Government (Central Agencies); Agricultural Extension, Research, and Other Support Activities; Crops|Unknown|||Republic of Zambia||World Bank
P003215|Recovery Program Project|Closed|50.0|1986-06-26 00:00:00+00:00|1991-06-30|(Historic)Economic management|Unknown|||Republic of Zambia||World Bank
P003234|Agricultural Rehabilitation Credit Project (Supplemental)|Closed|0.0|1986-06-15 00:00:00+00:00||(Historic)Agriculture adjustment|Unknown|||Republic of Zambia||World Bank
P003193|Technical Assistance Project (02)|Closed|8.0|1986-04-01 00:00:00+00:00|1994-12-31|(Historic)Public sector management adjustment|Unknown|||Republic of Zambia||World Bank
P003207|Fertilizer Industry Technical Assistance Project|Closed|10.0|1986-02-25 00:00:00+00:00|1991-12-31|(Historic)Fertilizer and other chemicals|Unknown|||Republic of Zambia||World Bank
P003189|Industrial Reorientation Project|Closed|20.0|1985-10-22 00:00:00+00:00|1988-12-31|(Historic)Industrial restructuring|Unknown|||Republic of Zambia||World Bank
P003213|Tazama Pipeline Rehabilitation Engineering Project|Closed|3.1|1985-09-19 00:00:00+00:00|1988-12-31|(Historic)Oil and gas transportation|Unknown|||Republic of Zambia||World Bank
P003192|Railway Project (04)|Closed|20.0|1985-03-28 00:00:00+00:00|1994-06-30|Railways|Unknown|||Republic of Zambia||World Bank
P003187|Agricultural Rehabilitation Credit Project|Closed|25.0|1985-01-29 00:00:00+00:00|1988-06-30|(Historic)Agriculture adjustment|Unknown|||Republic of Zambia||World Bank
P003188|Fisheries Development Project|Closed|7.1|1984-11-27 00:00:00+00:00|1991-12-31|Fisheries|Unknown|||Republic of Zambia||World Bank
P003186|Export Rehabilitation and Diversification Project|Closed|75.0|1984-03-20 00:00:00+00:00|1988-09-30|(Historic)Trade policy reform|Unknown|||Republic of Zambia||World Bank
P003185|Industrial Forestry Project (03)|Closed|22.4|1984-01-10 00:00:00+00:00|1993-09-30|Forestry|Unknown|||Republic of Zambia||World Bank
P003184|Rural Water Supply Project|Closed|16.0|1983-05-12 00:00:00+00:00|1991-09-30|(Historic)Rural water supply and sanitation|Unknown|||Republic of Zambia||World Bank
P003183|Maamba Coal Engineering Project|Closed|4.3|1983-03-15 00:00:00+00:00|1987-06-30|(Historic)Mining and other extractive|Unknown|||Republic of Zambia||World Bank
P003181|Petroleum Exploration Promotion Project|Closed|6.6|1982-05-20 00:00:00+00:00|1986-12-31|(Historic)Oil and gas exploration and development|Unknown|||Republic of Zambia||World Bank
P003182|Refinery Modification Engineering Project|Closed|5.1|1982-05-20 00:00:00+00:00|1987-09-30|(Historic)Refining, storage and distribution|Unknown|||Republic of Zambia||World Bank
P003180|Education Project (05)|Closed|25.0|1982-05-20 00:00:00+00:00|1988-03-31|Secondary Education|Unknown|||Republic of Zambia||World Bank
P003179|Smallholder Dairy Development Project|Closed|7.5|1981-12-15 00:00:00+00:00|1988-06-30|Livestock|Unknown|||Republic of Zambia||World Bank
P003178|Southern Province Agricultural Development Project|Closed|18.0|1981-12-08 00:00:00+00:00|1991-06-30|(Historic)Agriculture adjustment|Unknown|||Republic of Zambia||World Bank
P003176|Eastern Province Agricultural Development Project|Closed|11.0|1981-05-21 00:00:00+00:00|1988-06-30|(Historic)Agriculture adjustment|Unknown|||Republic of Zambia||World Bank
P003177|Development Bank of Zambia Project (02)|Closed|15.0|1980-12-02 00:00:00+00:00|1987-06-30|(Historic)Financial sector development|Unknown|||Republic of Zambia||World Bank
P003175|Railway Project (03)|Closed|40.0|1979-12-27 00:00:00+00:00|1986-09-30|Railways|Unknown|||Republic of Zambia||World Bank
P003174|Technical Assistance Project (01)|Closed|5.0|1978-12-21 00:00:00+00:00|1987-07-31|(Historic)Public sector management adjustment|Unknown|||Republic of Zambia||World Bank
P003173|Coffee Production Project|Closed|6.0|1978-12-14 00:00:00+00:00|1985-09-30|(Historic)Perennial crops|Unknown|||Republic of Zambia||World Bank
P003172|Highway Project (03)|Closed|22.5|1978-05-11 00:00:00+00:00|1987-07-31|(Historic)Highways|Unknown|||Republic of Zambia||World Bank
P003169|Industrial Forestry Project (02)|Closed|16.8|1977-05-12 00:00:00+00:00|1983-12-31|Forestry|Unknown|||Republic of Zambia||World Bank
P003170|Education Project (04)|Closed|13.3|1976-12-23 00:00:00+00:00|1983-03-31|Vocational training|Unknown|||Republic of Zambia||World Bank
P003171|Program Loan Project (02)|Closed|30.0|1976-09-07 00:00:00+00:00|1977-06-30|(Historic)Economic management|Unknown|||Republic of Zambia||World Bank
P003168|Development Bank of Zambia Project (01)|Closed|15.0|1976-02-10 00:00:00+00:00|1982-03-31|(Historic)Financial sector development|Unknown|||Republic of Zambia||World Bank
P003165|Telecommunications Project (01)|Closed|32.0|1975-05-27 00:00:00+00:00|1983-12-31|(Historic)Telecommunications and informatics|Unknown|||Republic of Zambia||World Bank
P003167|Lusaka Squatter Upgrading and Sites and Services Project|Closed|20.0|1974-07-05 00:00:00+00:00|1981-12-31|(Historic)Urban housing|Unknown|||Republic of Zambia||World Bank
P003166|POWER KARIBA-NORTH(S|Closed|42.1|1974-07-05 00:00:00+00:00||(Historic)Hydro|Unknown|||Republic of Zambia||World Bank
P003164|Kafue Hydroelectric Power/Second Stage Project|Closed|115.0|1973-07-05 00:00:00+00:00|1982-12-31|(Historic)Hydro|Unknown|||Republic of Zambia||World Bank
P003163|Program Loan Project|Closed|30.0|1973-06-14 00:00:00+00:00|1974-06-30|(Historic)Economic management|Unknown|||Republic of Zambia||World Bank
P003162|Education Project (03)|Closed|33.0|1973-05-31 00:00:00+00:00|1983-03-31|Secondary Education|Unknown|||Republic of Zambia||World Bank
P003161|Integrated Family Farming Project|Closed|11.5|1973-01-16 00:00:00+00:00|1979-12-31|(Historic)Agriculture adjustment|Unknown|||Republic of Zambia||World Bank
P003160|Kariba North Power Project|Closed|40.0|1970-07-07 00:00:00+00:00|1980-06-30|(Historic)Hydro|Unknown|||Republic of Zambia||World Bank
P003158|Agriculture / Tobacco Project|Closed|5.5|1970-05-28 00:00:00+00:00|1976-12-31|(Historic)Agriculture adjustment|Unknown|||Republic of Zambia||World Bank
P003159|Education Project (02)|Closed|5.3|1969-11-18 00:00:00+00:00|1979-03-31|Tertiary Education|Unknown|||Republic of Zambia||World Bank
P003154|Livestock Project|Closed|2.5|1969-06-17 00:00:00+00:00|1974-11-30|Livestock|Unknown|||Republic of Zambia||World Bank
P003156|Education Project (01)|Closed|17.4|1969-04-08 00:00:00+00:00|1979-07-11|Secondary Education|Unknown|||Republic of Zambia||World Bank
P003155|Forestry Project|Closed|5.3|1968-09-24 00:00:00+00:00|1977-06-30|Forestry|Unknown|||Republic of Zambia||World Bank
P003157|Highway Project (02)|Closed|10.7|1968-09-24 00:00:00+00:00|1971-12-31|(Historic)Highways|Unknown|||Republic of Zambia||World Bank
P003153|Highway Project (01)|Closed|17.5|1966-10-04 00:00:00+00:00|1971-12-31|(Historic)Highways|Unknown|||Republic of Zambia||World Bank
P003152|POWER II|Closed|3.8|1964-10-02 00:00:00+00:00||(Historic)Distribution and transmission|Unknown|||Republic of Zambia||World Bank
P003151|Railway Improvement Project|Closed|9.5|1958-06-16 00:00:00+00:00|1961-06-30|Railways|Unknown|||Republic of Zambia||World Bank
P003150|POWER I|Closed|40.0|1956-06-21 00:00:00+00:00||(Historic)Hydro|Unknown|||Republic of Zambia||World Bank
P003149|Railway Project (01)|Closed|14.0|1953-03-11 00:00:00+00:00|1955-03-31|Railways|Unknown|||Republic of Zambia||World Bank
P127254|Zambia Strengthening Climate Resilience (PPCR Phase II)|Closed|36.0||2022-12-31|Other Information and Communications Technologies; Other Agriculture, Fishing and Forestry; Other Water Supply, Sanitation and Waste Management; Other Public Administration; Other Transportation|Environment and Natural Resource Management; Urban and Rural Development; Social Development and Protection; Finance|||Republic of Zambia||World Bank
P159717|EITI Post Compliance Implementation Support III|Closed|0.35||2020-03-31|Mining|Public Sector Management|||Republic of Zambia||World Bank
P003257|Population Project|Dropped|15.0|||Unknown|Unknown|||Republic of Zambia||World Bank
P181651|SCALING-UP SHOCK RESPONSIVE SOCIAL PROTECTION PROJECT ADDITIONAL FINANCING|Active|13.375664|||Social Protection|Unknown|||Republic of Zambia||World Bank
P147659|Support for Development of MIS and Single Registry of Beneficiaries|Active|1.0|||Public Administration - Water, Sanitation and Waste Management; Water Supply|Social Development and Protection|||Republic of Zambia||World Bank
P509550|Zambia Water Supply and Sanitation Services in Growth Centers Program|Pipeline|0.0|||Unknown|Unknown|||Republic of Zambia||World Bank
P174012|Enhancing Early Learning Project|Active|39.009854||2025-06-30|Public Administration - Education; Early Childhood Education|Environment and Natural Resource Management; Human Development and Gender; Social Development and Protection|||Republic of Zambia||World Bank
P095193|Support to Decentralization Implementation Program (SUDIP)|Dropped|20.0|||Roads and highways; Other Water Supply, Sanitation and Waste Management; Primary Education; Health; Social Protection|Urban and Rural Development; Social Development and Protection|||Republic of Zambia||World Bank
P169384|Public Sector Governance for Service Delivery Project|Dropped|100.0|||Unknown|Public Sector Management; Private Sector Development|||Republic of Zambia||World Bank
P147343|Public Financial Management Reform Program Phase I|Closed|30.0||2018-12-31|Central Government (Central Agencies); Other Public Administration|Public Sector Management; Economic Policy|||Republic of Zambia||World Bank
P508305|Skills Training for Resilience and Industry-Valued Employment Project|Pipeline|0.0|||Unknown|Unknown|||Republic of Zambia||World Bank
P178792|Green, Resilient and Transformational Tourism Development Project (GREAT-TDP)|Dropped|100.0|||Unknown|Unknown|||Republic of Zambia||World Bank
P121986|Zambia Pilot Program for Climate Resilience - Phase I|Active|1.5|||Other Transportation; Other Agriculture, Fishing and Forestry; Other Water Supply, Sanitation and Waste Management|Environment and Natural Resource Management; Urban and Rural Development; Finance|||Republic of Zambia||World Bank
P074258|SEED Biodiversity|Closed|4.0||2011-11-30|Central Government (Central Agencies); Other Industry, Trade and Services; Other Agriculture, Fishing and Forestry|Environment and Natural Resource Management; Public Sector Management; Private Sector Development|||Republic of Zambia||World Bank
P160493|Zambia Integrated Forest Landcape Program BioCF Grant|Dropped|0.0|||Other Agriculture, Fishing and Forestry; Agricultural Extension, Research, and Other Support Activities; Public Administration - Agriculture, Fishing & Forestry; Forestry; Crops|Environment and Natural Resource Management; Urban and Rural Development; Finance|||Republic of Zambia||World Bank
P501987|SMEMZ|Pipeline|10.23|||Unknown|Unknown|||Republic of Zambia||World Bank
P178539|Zambia:Strengthening Public Procurement System for Economic Development|Closed|0.455||2024-06-30|Central Government (Central Agencies)|Environment and Natural Resource Management; Public Sector Management; Private Sector Development; Economic Policy|||Republic of Zambia||World Bank
P180930|GEF - EASTERN PROVINCE JURISDICTIONAL SUSTAINABLE LANDSCAPE PROGRAM|Dropped|0.0|||Unknown|Unknown|||Republic of Zambia||World Bank
P155224|Extractive Industries Transparency Initiative (EITI) Post-Compliance Implementation Support II|Closed|0.21||2015-12-31|Public Administration - Energy and Extractives; Mining|Environment and Natural Resource Management; Social Development and Protection; Public Sector Management|||Republic of Zambia||World Bank
P160267|Forest Investment Program (FIP) Investment Plan|Closed|0.25||2018-06-30|Public Administration - Agriculture, Fishing & Forestry; Forestry|Environment and Natural Resource Management; Urban and Rural Development|||Republic of Zambia||World Bank
P160383|Zambia Scaling Renewable Energy Program Investment Plan|Closed|0.3||2018-06-18|Other Energy and Extractives; Renewable Energy Wind; Renewable Energy Solar; Renewable Energy Geothermal; Renewable Energy Biomass|Environment and Natural Resource Management; Urban and Rural Development; Private Sector Development|||Republic of Zambia||World Bank
P155827|EASTERN PROVINCE JURISDICTIONAL SUSTAINABLE LANDSCAPE PROGRAM - EMISSIONS REDUCTION PROJECT|Active|0.0||2030-10-31|Crops; Other Agriculture, Fishing and Forestry; Public Administration - Agriculture, Fishing & Forestry; Forestry; Agricultural Extension, Research, and Other Support Activities|Environment and Natural Resource Management; Urban and Rural Development; Finance|||Republic of Zambia||World Bank
P157521|Zambia Integrated Forest Landscape Project (GEF)|Closed|8.050458|||Agricultural Extension, Research, and Other Support Activities; Forestry|Environment and Natural Resource Management; Urban and Rural Development|||Republic of Zambia||World Bank
P505094|DZAP|Pipeline|100.0|||Unknown|Unknown|||Republic of Zambia||World Bank
P507796|Zambia Healthcare Innovation and Transformation Project|Pipeline|0.0|||Unknown|Unknown|||Republic of Zambia||World Bank
P173472|Zambia: Voice and Accountability: Community Empowerment for Improved Local Service Delivery Project|Active|2.75||2025-06-30|Secondary Education; Primary Education; Sub-National Government; Public Administration - Education|Human Development and Gender; Social Development and Protection; Public Sector Management; Private Sector Development|||Republic of Zambia||World Bank
P179237|Water Supply and Sanitation Services in Growth Centers: Program for Results (PforR)|Pipeline|25.0|||Unknown|Unknown|||Republic of Zambia||World Bank
P507971|TRALARD II|Pipeline|0.0|||Unknown|Unknown|||Republic of Zambia||World Bank
